id,created,book,legs,odds,model,market,ev,result,settled,payout
5357c574f469ea94b1ae1dd036711f7f:a+69ec18acddec63da011d8f44d376b90c:a+e9d8fec90ecda0bc0721e481e8cdaa69:a,2026-10-04T01:15:20Z,Matchbook,"[{""id"": ""5357c574f469ea94b1ae1dd036711f7f"", ""side"": ""a"", ""name"": ""Jaume Munar"", ""odds"": 1.72}, {""id"": ""69ec18acddec63da011d8f44d376b90c"", ""side"": ""a"", ""name"": ""Hubert Hurkacz"", ""odds"": 2.42}, {""id"": ""e9d8fec90ecda0bc0721e481e8cdaa69"", ""side"": ""a"", ""name"": ""Alex de Minaur"", ""odds"": 1.88}]",7.83,0.1851,0.1304,0.4485,won,2026-10-04T12:22:23Z,7.83
69ec18acddec63da011d8f44d376b90c:a+e9d8fec90ecda0bc0721e481e8cdaa69:a+2fff13d64b68dd5cb7c7269617427ba2:a,2026-10-04T01:15:20Z,Betfair,"[{""id"": ""69ec18acddec63da011d8f44d376b90c"", ""side"": ""a"", ""name"": ""Hubert Hurkacz"", ""odds"": 2.42}, {""id"": ""e9d8fec90ecda0bc0721e481e8cdaa69"", ""side"": ""a"", ""name"": ""Alex de Minaur"", ""odds"": 1.88}, {""id"": ""2fff13d64b68dd5cb7c7269617427ba2"", ""side"": ""a"", ""name"": ""Marie Bouzkova"", ""odds"": 2.12}]",9.65,0.148,0.1028,0.4273,lost,2026-10-05T14:40:15Z,0
5357c574f469ea94b1ae1dd036711f7f:a+e2954e055ea3f8716333b8ff13e39708:a+2fff13d64b68dd5cb7c7269617427ba2:a,2026-10-04T01:15:20Z,Betfair,"[{""id"": ""5357c574f469ea94b1ae1dd036711f7f"", ""side"": ""a"", ""name"": ""Jaume Munar"", ""odds"": 1.71}, {""id"": ""e2954e055ea3f8716333b8ff13e39708"", ""side"": ""a"", ""name"": ""Daria Snigur"", ""odds"": 1.6}, {""id"": ""2fff13d64b68dd5cb7c7269617427ba2"", ""side"": ""a"", ""name"": ""Marie Bouzkova"", ""odds"": 2.12}]",5.8,0.2327,0.1611,0.3497,lost,2026-10-05T14:40:15Z,0
2fff13d64b68dd5cb7c7269617427ba2:a+4bfb84fc62ffc5b65c9d7213ee0caf6f:b+5b6e5bc4378ca36adad672d8515b2c2c:a,2026-10-05T00:18:20Z,Pinnacle,"[{""id"": ""2fff13d64b68dd5cb7c7269617427ba2"", ""side"": ""a"", ""name"": ""Marie Bouzkova"", ""odds"": 2.28}, {""id"": ""4bfb84fc62ffc5b65c9d7213ee0caf6f"", ""side"": ""b"", ""name"": ""Valentin Vacherot"", ""odds"": 2.79}, {""id"": ""5b6e5bc4378ca36adad672d8515b2c2c"", ""side"": ""a"", ""name"": ""Novak Djokovic"", ""odds"": 2.21}]",14.06,0.1084,0.0662,0.5236,lost,2026-10-05T14:40:15Z,0
10911eaa50b035ec14ce0d680a6a7522:b+4bfb84fc62ffc5b65c9d7213ee0caf6f:b+5b6e5bc4378ca36adad672d8515b2c2c:a,2026-10-05T00:48:42Z,Pinnacle,"[{""id"": ""10911eaa50b035ec14ce0d680a6a7522"", ""side"": ""b"", ""name"": ""Sonay Kartal"", ""odds"": 1.51}, {""id"": ""4bfb84fc62ffc5b65c9d7213ee0caf6f"", ""side"": ""b"", ""name"": ""Valentin Vacherot"", ""odds"": 2.79}, {""id"": ""5b6e5bc4378ca36adad672d8515b2c2c"", ""side"": ""a"", ""name"": ""Novak Djokovic"", ""odds"": 2.21}]",9.31,0.1557,0.0967,0.4494,lost,2026-10-05T14:40:15Z,0
2fff13d64b68dd5cb7c7269617427ba2:a+10911eaa50b035ec14ce0d680a6a7522:b+d5f176ea16c34ec6c13647efacd2bb99:a,2026-10-05T01:34:30Z,BetOnline.ag,"[{""id"": ""2fff13d64b68dd5cb7c7269617427ba2"", ""side"": ""a"", ""name"": ""Marie Bouzkova"", ""odds"": 2.32}, {""id"": ""10911eaa50b035ec14ce0d680a6a7522"", ""side"": ""b"", ""name"": ""Sonay Kartal"", ""odds"": 1.53}, {""id"": ""d5f176ea16c34ec6c13647efacd2bb99"", ""side"": ""a"", ""name"": ""Alex de Minaur"", ""odds"": 1.78}]",6.32,0.2145,0.1508,0.3551,lost,2026-10-05T14:40:15Z,0
kalshi|2fff13d64b68dd5cb7c7269617427ba2:a+10911eaa50b035ec14ce0d680a6a7522:b+5b6e5bc4378ca36adad672d8515b2c2c:a,2026-10-05T02:25:36Z,Kalshi,"[{""id"": ""2fff13d64b68dd5cb7c7269617427ba2"", ""side"": ""a"", ""name"": ""Marie Bouzkova"", ""odds"": 2.236}, {""id"": ""10911eaa50b035ec14ce0d680a6a7522"", ""side"": ""b"", ""name"": ""Sonay Kartal"", ""odds"": 1.547}, {""id"": ""5b6e5bc4378ca36adad672d8515b2c2c"", ""side"": ""a"", ""name"": ""Novak Djokovic"", ""odds"": 2.14}]",7.4,0.1867,0.1182,0.3822,lost,2026-10-05T14:40:15Z,0
kalshi|10911eaa50b035ec14ce0d680a6a7522:b+4bfb84fc62ffc5b65c9d7213ee0caf6f:b+5b6e5bc4378ca36adad672d8515b2c2c:a,2026-10-05T02:25:36Z,Kalshi,"[{""id"": ""10911eaa50b035ec14ce0d680a6a7522"", ""side"": ""b"", ""name"": ""Sonay Kartal"", ""odds"": 1.547}, {""id"": ""4bfb84fc62ffc5b65c9d7213ee0caf6f"", ""side"": ""b"", ""name"": ""Valentin Vacherot"", ""odds"": 2.659}, {""id"": ""5b6e5bc4378ca36adad672d8515b2c2c"", ""side"": ""a"", ""name"": ""Novak Djokovic"", ""odds"": 2.14}]",8.8,0.1557,0.0987,0.3703,lost,2026-10-05T14:40:15Z,0
kalshi|2fff13d64b68dd5cb7c7269617427ba2:a+d5f176ea16c34ec6c13647efacd2bb99:a+4bfb84fc62ffc5b65c9d7213ee0caf6f:b,2026-10-05T02:25:36Z,Kalshi,"[{""id"": ""2fff13d64b68dd5cb7c7269617427ba2"", ""side"": ""a"", ""name"": ""Marie Bouzkova"", ""odds"": 2.236}, {""id"": ""d5f176ea16c34ec6c13647efacd2bb99"", ""side"": ""a"", ""name"": ""Alex de Minaur"", ""odds"": 1.732}, {""id"": ""4bfb84fc62ffc5b65c9d7213ee0caf6f"", ""side"": ""b"", ""name"": ""Valentin Vacherot"", ""odds"": 2.659}]",10.3,0.1225,0.0821,0.2612,lost,2026-10-05T14:40:15Z,0
4bfb84fc62ffc5b65c9d7213ee0caf6f:b+5b6e5bc4378ca36adad672d8515b2c2c:a,2026-10-05T08:14:14Z,Pinnacle,"[{""id"": ""4bfb84fc62ffc5b65c9d7213ee0caf6f"", ""side"": ""b"", ""name"": ""Valentin Vacherot"", ""odds"": 2.75}, {""id"": ""5b6e5bc4378ca36adad672d8515b2c2c"", ""side"": ""a"", ""name"": ""Novak Djokovic"", ""odds"": 2.2}]",6.05,0.2156,0.1617,0.3042,lost,2026-10-05T14:40:15Z,0
kalshi|4bfb84fc62ffc5b65c9d7213ee0caf6f:b+5b6e5bc4378ca36adad672d8515b2c2c:a,2026-10-05T08:14:14Z,Kalshi,"[{""id"": ""4bfb84fc62ffc5b65c9d7213ee0caf6f"", ""side"": ""b"", ""name"": ""Valentin Vacherot"", ""odds"": 2.659}, {""id"": ""5b6e5bc4378ca36adad672d8515b2c2c"", ""side"": ""a"", ""name"": ""Novak Djokovic"", ""odds"": 2.14}]",5.69,0.2156,0.1596,0.2266,lost,2026-10-05T14:40:15Z,0
d77588347c84136dd9fe6fb7a54b40b4:b+e239b6153731e9f0b84f346eb587f9f7:a+f8c8d214822b7274556c6080c45b21b3:a,2026-10-05T22:45:15Z,Coolbet,"[{""id"": ""d77588347c84136dd9fe6fb7a54b40b4"", ""side"": ""b"", ""name"": ""Alex de Minaur"", ""odds"": 2.52}, {""id"": ""e239b6153731e9f0b84f346eb587f9f7"", ""side"": ""a"", ""name"": ""Luca Van Assche"", ""odds"": 2.6}, {""id"": ""f8c8d214822b7274556c6080c45b21b3"", ""side"": ""a"", ""name"": ""Yannick Hanfmann"", ""odds"": 2.3}]",15.07,0.12,0.0587,0.8076,,,
e239b6153731e9f0b84f346eb587f9f7:a+fd28d05a1e60816704c0dc6a7eb12b72:a+f8c8d214822b7274556c6080c45b21b3:a,2026-10-05T22:45:15Z,GTbets,"[{""id"": ""e239b6153731e9f0b84f346eb587f9f7"", ""side"": ""a"", ""name"": ""Luca Van Assche"", ""odds"": 2.56}, {""id"": ""fd28d05a1e60816704c0dc6a7eb12b72"", ""side"": ""a"", ""name"": ""Thiago Agustin Tirante"", ""odds"": 1.76}, {""id"": ""f8c8d214822b7274556c6080c45b21b3"", ""side"": ""a"", ""name"": ""Yannick Hanfmann"", ""odds"": 2.29}]",10.32,0.1691,0.0876,0.7445,,,
d77588347c84136dd9fe6fb7a54b40b4:b+791964bea0ff62114832d025fcec6b9d:a+fd28d05a1e60816704c0dc6a7eb12b72:a,2026-10-05T22:45:15Z,1xBet,"[{""id"": ""d77588347c84136dd9fe6fb7a54b40b4"", ""side"": ""b"", ""name"": ""Alex de Minaur"", ""odds"": 2.65}, {""id"": ""791964bea0ff62114832d025fcec6b9d"", ""side"": ""a"", ""name"": ""Adolfo Daniel Vallejo"", ""odds"": 1.73}, {""id"": ""fd28d05a1e60816704c0dc6a7eb12b72"", ""side"": ""a"", ""name"": ""Thiago Agustin Tirante"", ""odds"": 1.71}]",7.84,0.1997,0.1159,0.5658,,,
kalshi|d77588347c84136dd9fe6fb7a54b40b4:b+791964bea0ff62114832d025fcec6b9d:a+f8c8d214822b7274556c6080c45b21b3:a,2026-10-05T22:45:15Z,Kalshi,"[{""id"": ""d77588347c84136dd9fe6fb7a54b40b4"", ""side"": ""b"", ""name"": ""Alex de Minaur"", ""odds"": 2.522}, {""id"": ""791964bea0ff62114832d025fcec6b9d"", ""side"": ""a"", ""name"": ""Adolfo Daniel Vallejo"", ""odds"": 1.827}, {""id"": ""f8c8d214822b7274556c6080c45b21b3"", ""side"": ""a"", ""name"": ""Yannick Hanfmann"", ""odds"": 2.342}]",10.79,0.1643,0.0809,0.7732,,,
kalshi|791964bea0ff62114832d025fcec6b9d:a+f8c8d214822b7274556c6080c45b21b3:a+09891c53a582f50d3153736a7cf7e307:a,2026-10-05T22:45:15Z,Kalshi,"[{""id"": ""791964bea0ff62114832d025fcec6b9d"", ""side"": ""a"", ""name"": ""Adolfo Daniel Vallejo"", ""odds"": 1.827}, {""id"": ""f8c8d214822b7274556c6080c45b21b3"", ""side"": ""a"", ""name"": ""Yannick Hanfmann"", ""odds"": 2.342}, {""id"": ""09891c53a582f50d3153736a7cf7e307"", ""side"": ""a"", ""name"": ""Sho Shimabukuro"", ""odds"": 2.659}]",11.38,0.1558,0.0763,0.772,,,
kalshi|d77588347c84136dd9fe6fb7a54b40b4:b+e239b6153731e9f0b84f346eb587f9f7:a+09891c53a582f50d3153736a7cf7e307:a,2026-10-05T22:45:15Z,Kalshi,"[{""id"": ""d77588347c84136dd9fe6fb7a54b40b4"", ""side"": ""b"", ""name"": ""Alex de Minaur"", ""odds"": 2.522}, {""id"": ""e239b6153731e9f0b84f346eb587f9f7"", ""side"": ""a"", ""name"": ""Luca Van Assche"", ""odds"": 2.459}, {""id"": ""09891c53a582f50d3153736a7cf7e307"", ""side"": ""a"", ""name"": ""Sho Shimabukuro"", ""odds"": 2.659}]",16.49,0.0981,0.0503,0.6169,,,
24468f2798418b3734b62f8235a96196:b+09891c53a582f50d3153736a7cf7e307:a+b0713dc2ab30dc84cdb96e7dc4957c1d:b,2026-10-06T13:19:00Z,Pinnacle,"[{""id"": ""24468f2798418b3734b62f8235a96196"", ""side"": ""b"", ""name"": ""Matteo Berrettini"", ""odds"": 1.49}, {""id"": ""09891c53a582f50d3153736a7cf7e307"", ""side"": ""a"", ""name"": ""Sho Shimabukuro"", ""odds"": 3.02}, {""id"": ""b0713dc2ab30dc84cdb96e7dc4957c1d"", ""side"": ""b"", ""name"": ""Iga Swiatek"", ""odds"": 1.53}]",6.88,0.2306,0.1404,0.5875,,,
09891c53a582f50d3153736a7cf7e307:a+b0713dc2ab30dc84cdb96e7dc4957c1d:b+02f6a0ddcd015fe9b206546eb4298936:b,2026-10-06T13:19:00Z,Pinnacle,"[{""id"": ""09891c53a582f50d3153736a7cf7e307"", ""side"": ""a"", ""name"": ""Sho Shimabukuro"", ""odds"": 3.02}, {""id"": ""b0713dc2ab30dc84cdb96e7dc4957c1d"", ""side"": ""b"", ""name"": ""Iga Swiatek"", ""odds"": 1.53}, {""id"": ""02f6a0ddcd015fe9b206546eb4298936"", ""side"": ""b"", ""name"": ""Tomas Machac"", ""odds"": 1.4}]",6.47,0.2438,0.1457,0.5773,,,
kalshi|09891c53a582f50d3153736a7cf7e307:a+b0713dc2ab30dc84cdb96e7dc4957c1d:b,2026-10-06T13:19:00Z,Kalshi,"[{""id"": ""09891c53a582f50d3153736a7cf7e307"", ""side"": ""a"", ""name"": ""Sho Shimabukuro"", ""odds"": 2.895}, {""id"": ""b0713dc2ab30dc84cdb96e7dc4957c1d"", ""side"": ""b"", ""name"": ""Iga Swiatek"", ""odds"": 1.48}]",4.28,0.3293,0.2081,0.4108,,,
