id,tour,tournament,start,surface,best_of,player_a,player_b,model_a,market_a,odds_a,odds_b,books,logged,result,settled
6b7d41a4a1150f4e15713dc6958fda96,ATP,ATP Japan Open,2026-10-01T02:00:00Z,hard,3,Luciano Darderi,Casper Ruud,0.2397,0.3336,2.98,1.5,20,2026-09-30T23:29:31Z,,
876850ae0404e0d4705053ed074268f6,ATP,ATP Japan Open,2026-10-01T02:00:00Z,hard,3,Jaime Faria,Arthur Fery,0.358,0.5071,1.92,2.06,20,2026-09-30T23:29:31Z,,
bd73b6ff3eb4b9510110ca40bfc63f72,ATP,ATP Japan Open,2026-10-01T02:00:00Z,hard,3,Brandon Nakashima,Ugo Humbert,0.6595,0.6623,1.5,2.96,20,2026-09-30T23:29:31Z,,
bd913db5c5606c52b283feaa80665f42,ATP,ATP Japan Open,2026-10-01T02:00:00Z,hard,3,Taylor Fritz,Jaume Munar,0.6382,0.7301,1.33,3.95,20,2026-09-30T23:29:31Z,,
08940f5da7dc81ecbf2ab4828f6a4c0c,WTA,WTA China Open,2026-10-01T03:00:00Z,hard,3,Yuliia Starodubtseva,Alina Charaeva,0.6207,0.5851,1.7,2.4,20,2026-09-30T23:29:31Z,,
3d3077abdfe48b002d129ce81ad27117,WTA,WTA China Open,2026-10-01T03:00:00Z,hard,3,Katie Volynets,Robin Montgomery,0.4652,0.5562,1.79,2.24,21,2026-09-30T23:29:31Z,,
53f873d1a51975238b8a55de03609702,WTA,WTA China Open,2026-10-01T03:00:00Z,hard,3,Sofia Kenin,Ashlyn Krueger,0.3714,0.3932,2.56,1.63,21,2026-09-30T23:29:31Z,,
c83a68420401e6b8f8010e3050bed2ea,ATP,ATP China Open,2026-10-01T03:00:00Z,hard,3,Alex Molcan,Arthur Rinderknech,0.4856,0.4038,2.52,1.64,21,2026-09-30T23:29:31Z,,
f3149a5c4e24243211d462d3becfe39d,ATP,ATP China Open,2026-10-01T03:00:00Z,hard,3,Alex de Minaur,Mariano Navone,0.8624,0.7793,1.27,4.6,21,2026-09-30T23:29:31Z,,
150be9ac3e148ecdc824890bed898996,ATP,ATP Japan Open,2026-10-01T03:10:00Z,hard,3,Kei Nishikori,Frances Tiafoe,0.1855,0.2043,5.5,1.23,20,2026-09-30T23:29:31Z,,
38ffa72914becb0a7541e73396596e3d,ATP,ATP Japan Open,2026-10-01T03:10:00Z,hard,3,Holger Rune,Kyrian Jacquet,0.7914,0.6187,1.58,2.68,20,2026-09-30T23:29:31Z,,
0c39522d563ce8eb6ce47ba0d07b50d8,ATP,ATP China Open,2026-10-01T04:10:00Z,hard,3,Ignacio Buse,Quentin Halys,0.494,0.4561,2.22,1.8,21,2026-09-30T23:29:31Z,,
8385aac113ecfb54b50592228c73e06f,ATP,ATP China Open,2026-10-01T04:10:00Z,hard,3,Roman Safiullin,Flavio Cobolli,0.5019,0.491,2.02,1.98,20,2026-09-30T23:29:31Z,,
a4aa67d29f120efed0e3f1eab2c7a88c,WTA,WTA China Open,2026-10-01T04:10:00Z,hard,3,Paula Badosa,Daria Kasatkina,0.7003,0.6673,1.5,2.95,20,2026-09-30T23:29:31Z,,
c61cca87a103a35f8e1889747b27f171,WTA,WTA China Open,2026-10-01T04:10:00Z,hard,3,Aoi Ito,Kimberly Birrell,0.3431,0.2535,4.3,1.3,21,2026-09-30T23:29:31Z,,
0538a6a69f027f97e7fc87dac711046e,ATP,ATP China Open,2026-10-01T04:30:00Z,hard,3,Botic van de Zandschulp,Francisco Cerundolo,0.432,0.4248,2.34,1.73,21,2026-09-30T23:29:31Z,,
fb9eebaf5bf935bd7f96b48cea43933d,WTA,WTA China Open,2026-10-01T04:30:00Z,hard,3,Sonay Kartal,Andrea Lazaro Garcia,0.7628,0.7487,1.31,4.1,20,2026-09-30T23:29:31Z,,
8962aea3dd981eb3eb6cccc3b2fd3829,WTA,WTA China Open,2026-10-01T05:20:00Z,hard,3,Magda Linette,Katerina Siniakova,0.2556,0.3496,2.88,1.52,21,2026-09-30T23:29:31Z,,
c1bae50988ffee351524f95dacfa76f7,ATP,ATP China Open,2026-10-01T05:40:00Z,hard,3,Juncheng Shang,Sebastian Baez,0.4418,0.5806,1.72,2.36,21,2026-09-30T23:29:31Z,,
f4c24c41c66d5ecb136d40ee73c7d089,ATP,ATP Japan Open,2026-10-01T05:40:00Z,hard,3,Denis Shapovalov,Sho Shimabukuro,0.7784,0.73,1.35,3.75,20,2026-09-30T23:29:31Z,,
124680a13038b2d61621ea996617ac43,ATP,ATP Japan Open,2026-10-01T06:50:00Z,hard,3,Alejandro Davidovich Fokina,Matteo Berrettini,0.5717,0.5748,1.73,2.34,20,2026-09-30T23:29:31Z,,
baf8f73b47a664fcede53262ff09e26d,ATP,ATP China Open,2026-10-01T07:00:00Z,hard,3,Alexander Zverev,Cameron Norrie,0.7952,0.8612,1.14,7.6,21,2026-09-30T23:29:31Z,,
d700980c8b97f7b97b85b0698f5b3824,ATP,ATP Japan Open,2026-10-01T07:00:00Z,hard,3,Carlos Alcaraz,Alex Michelsen,0.8557,0.8122,1.2,5.8,20,2026-09-30T23:29:31Z,,
d335a62e23f27b87cc79d2e6c6589617,WTA,WTA China Open,2026-10-01T07:30:00Z,hard,3,Harriet Dart,Yihan Qu,0.8186,0.9081,1.07,15.0,17,2026-09-30T23:29:31Z,,
9d98e83d4b96d041dcae01896cf15d92,WTA,WTA China Open,2026-10-01T08:00:00Z,hard,3,Xinyu Gao,Panna Udvardy,0.5043,0.3827,2.59,1.62,21,2026-09-30T23:29:31Z,,
ef3f453a337c9dae404be4cbf6772441,ATP,ATP China Open,2026-10-01T08:00:00Z,hard,3,Tallon Griekspoor,Andrey Rublev,0.3913,0.3955,2.58,1.62,21,2026-09-30T23:29:31Z,,
cdd2c64d6e5bb4cbd7521e202aff68d7,WTA,WTA China Open,2026-10-01T09:00:00Z,hard,3,Alycia Parks,Lin Zhu,0.5565,0.5038,1.95,2.04,21,2026-09-30T23:29:31Z,,
726e426c5068e86e57b7f81891e0136e,ATP,ATP China Open,2026-10-01T11:00:00Z,hard,3,Learner Tien,Hubert Hurkacz,0.5845,0.6134,1.66,2.55,21,2026-09-30T23:29:31Z,,
8e1b1ccdaf9bc406f149cfba186e0337,ATP,ATP China Open,2026-10-01T12:10:00Z,hard,3,Alexander Bublik,Jakub Mensik,0.4374,0.3984,2.54,1.64,21,2026-09-30T23:29:31Z,,
d66f1937da5272c6644a583eaa98d7ce,ATP,ATP China Open,2026-10-02T02:00:00Z,hard,3,Daniil Medvedev,Pablo Carreno Busta,0.8344,0.7717,1.28,4.5,21,2026-09-30T23:29:31Z,,
06d011dc5546735580a1b8dc0a943f3f,WTA,WTA China Open,2026-10-02T04:00:00Z,hard,3,Jasmine Paolini,Daria Snigur,0.6013,0.6133,1.56,2.55,15,2026-09-30T23:29:31Z,,
0bc9f29150b8a51f3142b18376c56028,WTA,WTA China Open,2026-10-02T04:00:00Z,hard,3,Dayana Yastremska,Maja Chwalinska,0.3526,0.3502,2.82,1.5,17,2026-09-30T23:29:31Z,,
177a8fed2e48f09f37d171f340187e81,WTA,WTA China Open,2026-10-02T04:00:00Z,hard,3,Taylah Preston,Diane Parry,0.4559,0.4097,2.46,1.65,14,2026-09-30T23:29:31Z,,
1dbc787f80eec3ade10434e51f7e8ff5,WTA,WTA China Open,2026-10-02T04:00:00Z,hard,3,Ekaterina Alexandrova,Aliaksandra Sasnovich,0.5893,0.5771,1.67,2.33,15,2026-09-30T23:29:31Z,,
2380d192906d145f72f594e7106b0471,WTA,WTA China Open,2026-10-02T04:00:00Z,hard,3,Anastasia Potapova,Sinja Kraus,0.6757,0.7226,1.33,3.6,16,2026-09-30T23:29:31Z,,
3dde5244cfdab55db5832aaac7db3017,WTA,WTA China Open,2026-10-02T04:00:00Z,hard,3,Nikola Bartunkova,Magdalena Frech,0.581,0.5856,1.66,2.34,14,2026-09-30T23:29:31Z,,
7449c032f470f787af442e344e67fa30,WTA,WTA China Open,2026-10-02T04:00:00Z,hard,3,Sara Bejlek,Maddison Inglis,0.6937,0.7134,1.36,3.6,14,2026-09-30T23:29:31Z,,
89255a6b6bc525c2a25cb4950252e042,WTA,WTA China Open,2026-10-02T04:00:00Z,hard,3,Karolina Muchova,Katie Boulter,0.8368,0.846,1.12,7.0,12,2026-09-30T23:29:31Z,,
8958206624b4a33ec8d4b659f80725c8,WTA,WTA China Open,2026-10-02T04:00:00Z,hard,3,Maria Timofeeva,Naomi Osaka,0.139,0.2248,4.6,1.26,16,2026-09-30T23:29:31Z,,
a761717bbb7fdd5111fab1c9044a8360,WTA,WTA China Open,2026-10-02T04:00:00Z,hard,3,Janice Tjen,Diana Shnaider,0.2945,0.2909,3.5,1.36,15,2026-09-30T23:29:31Z,,
b37042990194a603e165f3ffaa66d3e4,WTA,WTA China Open,2026-10-02T04:00:00Z,hard,3,Renata Zarazua,Aryna Sabalenka,0.0304,0.0852,18.0,1.02,11,2026-09-30T23:29:31Z,,
bcac7e4c1b1ca7bc85a4860550ff4af6,WTA,WTA China Open,2026-10-02T04:00:00Z,hard,3,Linda Fruhvirtova,Liudmila Samsonova,0.3292,0.2349,4.2,1.26,11,2026-09-30T23:29:31Z,,
c7bfd02f55913334369753aa2e15ffd0,WTA,WTA China Open,2026-10-02T04:00:00Z,hard,3,Clara Tauson,Polina Kudermetova,0.7287,0.6624,1.45,3.0,16,2026-09-30T23:29:31Z,,
e4249631b25378db4350945e30d1e9a1,WTA,WTA China Open,2026-10-02T04:00:00Z,hard,3,Yue Yuan,Mirra Andreeva,0.1325,0.12,9.13,1.09,14,2026-09-30T23:29:31Z,,
ef4ff818626aa7b2551f510cb801c425,WTA,WTA China Open,2026-10-02T04:00:00Z,hard,3,Viktorija Golubic,Peyton Stearns,0.4159,0.3982,2.42,1.61,15,2026-09-30T23:29:31Z,,
